Class,species,no_categories_changed,up_down,due_to_conservation,category_at_start,category_at_end,first_year,second_year
Amphibia,Adelotus brevis,1,u,,LC,NT,1980,2004
Amphibia,Afrixalus nigeriensis,1,u,,LC,NT,1980,2004
Amphibia,Afrixalus spinifrons,1,u,,LC,NT,1980,2004
Amphibia,Agalychnis annae,1,u,,LC,NT,1980,2004
Amphibia,Agalychnis litodryas,1,u,,LC,NT,1980,2004
Amphibia,Agalychnis moreletti,1,u,,LC,NT,1980,2004
Amphibia,Agalychnis saltator,1,u,,LC,NT,1980,2004
Amphibia,Albericus siegfriedi,2,u,,VU,CR,1980,2004
Amphibia,Alsodes barrioi,1,u,,NT,VU,1980,2004
Amphibia,Alsodes montanus,2,u,,VU,CR,1980,2004
Amphibia,Alsodes tumultuosus,2,u,,VU,CR,1980,2004
Amphibia,Alsodes vanzolinii,2,u,,VU,CR,1980,2004
Amphibia,Alytes cisternasii,1,u,,LC,NT,1980,2004
Amphibia,Alytes dickhilleni,1,u,,NT,VU,1980,2004
Amphibia,Alytes muletensis,2,d,y,CR,VU,1980,2004
Amphibia,Ambystoma andersoni,2,u,,VU,CR,1980,2004
Amphibia,Ambystoma barbouri,1,u,,LC,NT,1980,2004
Amphibia,Ambystoma bombypellum,2,u,,VU,CR,1980,2004
Amphibia,Ambystoma dumerilii,2,u,,VU,CR,1980,2004
Amphibia,Ambystoma leorae,2,u,,VU,CR,1980,2004
Amphibia,Ambystoma taylori,2,u,,VU,CR,1980,2004
Amphibia,Amnirana occidentalis,1,u,,VU,EN,1980,2004
Amphibia,Amolops loloensis,1,u,,NT,VU,1980,2004
Amphibia,Andinophryne colomai,2,u,,EN,CR(PE),1980,2004
Amphibia,Andrias davidianus,3,u,,NT,CR,1980,2004
Amphibia,Aneides aeneus,1,u,,LC,NT,1980,2004
Amphibia,Aneides ferreus,1,u,,LC,NT,1980,2004
Amphibia,Ansonia albomaculata,1,u,,LC,NT,1980,2004
Amphibia,Ansonia hanitschi,1,u,,LC,NT,1980,2004
Amphibia,Ansonia leptopus,1,u,,LC,NT,1980,2004
Amphibia,Ansonia longidigita,1,u,,LC,NT,1980,2004
Amphibia,Ansonia spinulifer,1,u,,LC,NT,1980,2004
Amphibia,Argenteohyla siemersi,3,u,,LC,EN,1980,2004
Amphibia,Aromobates nocturnus,2,u,,VU,CR,1980,2004
Amphibia,Arthroleptella ngongoniensis,1,u,,EN,CR,1980,2004
Amphibia,Arthroleptis crusculum,1,u,,VU,EN,1980,2004
Amphibia,Arthroleptis troglodytes,2,u,,VU,CR,1980,2004
Amphibia,Atelognathus patagonicus,1,u,,VU,EN,1980,2004
Amphibia,Atelognathus praebasalticus,2,u,,NT,EN,1980,2004
Amphibia,Atelopus andinus,3,u,,NT,CR,1980,2004
Amphibia,Atelopus angelito,2,u,,VU,CR,1980,2004
Amphibia,Atelopus arsyecue,1,u,,EN,CR,1980,2004
Amphibia,Atelopus arthuri,2,u,,EN,CR(PE),1980,2004
Amphibia,Atelopus balios,2,u,,EN,CR(PE),1980,2004
Amphibia,Atelopus bomolochos,2,u,,VU,CR,1980,2004
Amphibia,Atelopus boulengeri,1,u,,EN,CR,1980,2004
Amphibia,Atelopus carauta,1,u,,EN,CR,1980,2004
Amphibia,Atelopus carbonerensis,3,u,,VU,CR(PE),1980,2004
Amphibia,Atelopus carrikeri,1,u,,EN,CR,1980,2004
Amphibia,Atelopus certus,1,u,,VU,EN,1980,2004
Amphibia,Atelopus chiriquiensis,3,u,,VU,CR(PE),1980,2004
Amphibia,Atelopus chocoensis,1,u,,EN,CR,1980,2004
Amphibia,Atelopus chrysocorallus,3,u,,VU,CR(PE),1980,2004
Amphibia,Atelopus coynei,2,u,,EN,CR(PE),1980,2004
Amphibia,Atelopus cruciger,2,u,,VU,CR,1980,2004
Amphibia,Atelopus ebenoides,1,u,,EN,CR,1980,2004
Amphibia,Atelopus elegans,2,u,,VU,CR,1980,2004
Amphibia,Atelopus erythropus,2,u,,VU,CR,1980,2004
Amphibia,Atelopus eusebianus,1,u,,EN,CR,1980,2004
Amphibia,Atelopus exiguus,1,u,,EN,CR,1980,2004
Amphibia,Atelopus famelicus,1,u,,EN,CR,1980,2004
Amphibia,Atelopus farci,2,u,,VU,CR,1980,2004
Amphibia,Atelopus flavescens,2,u,,LC,VU,1980,2004
Amphibia,Atelopus franciscus,2,u,,LC,VU,1980,2004
Amphibia,Atelopus galactogaster,2,u,,VU,CR,1980,2004
Amphibia,Atelopus glyphus,2,u,,VU,CR,1980,2004
Amphibia,Atelopus guanujo,3,u,,VU,CR(PE),1980,2004
Amphibia,Atelopus guitarraensis,2,u,,VU,CR,1980,2004
Amphibia,Atelopus halihelos,2,u,,VU,CR,1980,2004
Amphibia,Atelopus ignescens,3,u,,VU,EX,1980,2004
Amphibia,Atelopus laetissimus,1,u,,EN,CR,1980,2004
Amphibia,Atelopus limosus,2,u,,NT,EN,1980,2004
Amphibia,Atelopus longibrachius,1,u,,VU,EN,1980,2004
Amphibia,Atelopus longirostris,2,u,,EN,EX,1980,2004
Amphibia,Atelopus lozanoi,2,u,,VU,CR,1980,2004
Amphibia,Atelopus lynchi,2,u,,EN,CR(PE),1980,2004
Amphibia,Atelopus mandingues,2,u,,VU,CR,1980,2004
Amphibia,Atelopus mindoensis,2,u,,EN,CR(PE),1980,2004
Amphibia,Atelopus minutulus,1,u,,EN,CR,1980,2004
Amphibia,Atelopus monohernandezi,2,u,,VU,CR,1980,2004
Amphibia,Atelopus mucubajiensis,3,u,,VU,CR(PE),1980,2004
Amphibia,Atelopus muisca,3,u,,VU,CR(PE),1980,2004
Amphibia,Atelopus nahumae,1,u,,EN,CR,1980,2004
Amphibia,Atelopus nanay,3,u,,VU,CR(PE),1980,2004
Amphibia,Atelopus nepiozomus,1,u,,EN,CR,1980,2004
Amphibia,Atelopus nicefori,2,u,,VU,CR,1980,2004
Amphibia,Atelopus oxyrhynchus,2,u,,EN,CR(PE),1980,2004
Amphibia,Atelopus pachydermus,2,u,,EN,CR(PE),1980,2004
Amphibia,Atelopus pedimarmoratus,2,u,,VU,CR,1980,2004
Amphibia,Atelopus peruensis,3,u,,NT,CR,1980,2004
Amphibia,Atelopus petriruizi,2,u,,VU,CR,1980,2004
Amphibia,Atelopus pictiventris,1,u,,EN,CR,1980,2004
Amphibia,Atelopus pinangoi,2,u,,EN,CR(PE),1980,2004
Amphibia,Atelopus planispina,2,u,,EN,CR(PE),1980,2004
Amphibia,Atelopus pulcher,1,u,,EN,CR,1980,2004
Amphibia,Atelopus quimbaya,2,u,,VU,CR,1980,2004
Amphibia,Atelopus reticulatus,2,u,,VU,CR,1980,2004
Amphibia,Atelopus seminiferus,1,u,,EN,CR,1980,2004
Amphibia,Atelopus senex,2,u,,EN,CR(PE),1980,2004
Amphibia,Atelopus sernai,1,u,,EN,CR,1980,2004
Amphibia,Atelopus simulatus,1,u,,EN,CR,1980,2004
Amphibia,Atelopus sonsonensis,1,u,,EN,CR,1980,2004
Amphibia,Atelopus sorianoi,2,u,,EN,CR(PE),1980,2004
Amphibia,Atelopus spumarius,2,u,,LC,VU,1980,2004
Amphibia,Atelopus spurrelli,2,u,,LC,VU,1980,2004
Amphibia,Atelopus subornatus,1,u,,EN,CR,1980,2004
Amphibia,Atelopus tamaense,2,u,,VU,CR,1980,2004
Amphibia,Atelopus tricolor,2,u,,LC,VU,1980,2004
Amphibia,Atelopus varius,3,u,,NT,CR,1980,2004
Amphibia,Atelopus walkeri,1,u,,EN,CR,1980,2004
Amphibia,Atelopus zeteki,1,u,,EN,CR,1980,2004
Amphibia,Atopophrynus syntomopus,1,u,,EN,CR,1980,2004
Amphibia,Austrochaperina novaebritanniae,1,u,,NT,VU,1980,2004
Amphibia,Batrachophrynus brachydactylus,2,u,,NT,EN,1980,2004
Amphibia,Batrachophrynus macrostomus,1,u,,VU,EN,1980,2004
Amphibia,Batrachuperus gorganensis,2,u,,VU,CR,1980,2004
Amphibia,Batrachuperus pinchonii,2,u,,LC,VU,1980,2004
Amphibia,Bolitoglossa capitana,2,u,,VU,CR,1980,2004
Amphibia,Bolitoglossa compacta,2,u,,NT,EN,1980,2004
Amphibia,Bolitoglossa lignicolor,1,u,,NT,VU,1980,2004
Amphibia,Bolitoglossa medemi,1,u,,NT,VU,1980,2004
Amphibia,Bolitoglossa pesrubra,2,u,,NT,EN,1980,2004
Amphibia,Bolitoglossa platydactyla,1,u,,LC,NT,1980,2004
Amphibia,Bolitoglossa silverstonei,1,u,,NT,VU,1980,2004
Amphibia,Bolitoglossa spongai,1,u,,VU,EN,1980,2004
Amphibia,Bolitoglossa subpalmata,2,u,,NT,EN,1980,2004
Amphibia,Bufo baxteri,1,u,,CR,EW,1980,2004
Amphibia,Bufo blombergi,1,u,,LC,NT,1980,2004
Amphibia,Bufo boreas,1,u,,LC,NT,1980,2004
Amphibia,Bufo brauni,1,u,,VU,EN,1980,2004
Amphibia,Bufo caeruleostictus,1,u,,VU,EN,1980,2004
Amphibia,Bufo californicus,2,u,,NT,EN,1980,2004
Amphibia,Bufo canorus,1,u,,VU,EN,1980,2004
Amphibia,Bufo chavin,1,u,,EN,CR,1980,2004
Amphibia,Bufo fastidiosus,2,u,,EN,CR(PE),1980,2004
Amphibia,Bufo guentheri,1,u,,NT,VU,1980,2004
Amphibia,Bufo gundlachi,1,u,,NT,VU,1980,2004
Amphibia,Bufo holdridgei,3,u,,VU,CR(PE),1980,2004
Amphibia,Bufo lemur,1,u,,EN,CR,1980,2004
Amphibia,Bufo mexicanus,1,u,,LC,NT,1980,2004
Amphibia,Bufo periglenes,3,u,,VU,EX,1980,2004
Amphibia,Bufo peripatetes,1,u,,EN,CR,1980,2004
Amphibia,Bufo rubropunctatus,1,u,,NT,VU,1980,2004
Amphibia,Bufo togoensis,1,u,,LC,NT,1980,2004
Amphibia,Caudiverbera caudiverbera,2,u,,LC,VU,1980,2004
Amphibia,Centrolene ballux,2,u,,EN,CR(PE),1980,2004
Amphibia,Centrolene heloderma,3,u,,VU,CR(PE),1980,2004
Amphibia,Centrolene lynchi,1,u,,VU,EN,1980,2004
Amphibia,Ceratophrys ornata,1,u,,LC,NT,1980,2004
Amphibia,Chaparana quadranus,1,u,,LC,NT,1980,2004
Amphibia,Chaparana unculuanus,2,u,,NT,EN,1980,2004
Amphibia,Chiropterotriton cracens,1,u,,VU,EN,1980,2004
Amphibia,Chiropterotriton magnipes,1,u,,CR,CR(PE),1980,2004
Amphibia,Colostethus anthracinus,1,u,,EN,CR,1980,2004
Amphibia,Colostethus delatorreae,1,u,,EN,CR,1980,2004
Amphibia,Colostethus edwardsi,1,u,,CR,CR(PE),1980,2004
Amphibia,Colostethus elachyhistus,1,u,,VU,EN,1980,2004
Amphibia,Colostethus infraguttatus,1,u,,LC,NT,1980,2004
Amphibia,Colostethus lehmanni,1,u,,LC,NT,1980,2000.00
Amphibia,Colostethus leopardalis,2,u,,VU,CR,1980,2004
Amphibia,Colostethus machalilla,1,u,,LC,NT,1980,2004
Amphibia,Colostethus olfersioides,2,u,,LC,VU,1980,2004
Amphibia,Colostethus pulchellus,1,u,,NT,VU,1980,2004
Amphibia,Colostethus ruizi,1,u,,CR,CR(PE),1980,2004
Amphibia,Colostethus vertebralis,3,u,,VU,CR(PE),1980,2004
Amphibia,Conraua goliath,2,u,,NT,EN,1980,2004
Amphibia,Crinia tinnula,1,u,,NT,VU,1980,2004
Amphibia,Dendrobates abditus,1,u,,CR,CR(PE),1980,2004
Amphibia,Dendrobates azureus,2,d,y,CR,VU,1980,2004
Amphibia,Dendrobates lehmanni,1,u,,EN,CR,1980,2004
Amphibia,Dendrobates steyermarki,2,u,,VU,CR,1980,2004
Amphibia,Dendrobates sylvaticus,1,u,,LC,NT,1980,2004
Amphibia,Dendrotriton cuchumatanus,2,u,,EN,CR(PE),1980,2004
Amphibia,Duellmanohyla salvavida,1,u,,EN,CR,1980,2004
Amphibia,Duellmanohyla soralia,1,u,,EN,CR,1980,2004
Amphibia,Duellmanohyla uranochroa,2,u,,VU,CR,1980,2004
Amphibia,Eleutherodactylus alfredi,1,u,,NT,VU,1980,2004
Amphibia,Eleutherodactylus amadeus,1,u,,EN,CR,1980,2004
Amphibia,Eleutherodactylus anciano,1,u,,CR,CR(PE),1980,2004
Amphibia,Eleutherodactylus andi,2,u,,EN,CR(PE),1980,2004
Amphibia,Eleutherodactylus angelicus,2,u,,EN,CR(PE),1980,2004
Amphibia,Eleutherodactylus apostates,1,u,,EN,CR,1980,2004
Amphibia,Eleutherodactylus bakeri,1,u,,EN,CR,1980,2004
Amphibia,Eleutherodactylus berkenbuschii,1,u,,LC,NT,1980,2004
Amphibia,Eleutherodactylus bernali,1,u,,CR,CR(PE),1980,2004
Amphibia,Eleutherodactylus boconoensis,2,u,,VU,CR,1980,2004
Amphibia,Eleutherodactylus brevirostris,1,u,,EN,CR,1980,2004
Amphibia,Eleutherodactylus catalinae,1,u,,EN,CR,1980,2004
Amphibia,Eleutherodactylus chlorophenax,1,u,,EN,CR,1980,2004
Amphibia,Eleutherodactylus chrysozetetes,1,u,,CR,EX,1980,2004
Amphibia,Eleutherodactylus coffeus,1,u,,CR,CR(PE),1980,2004
Amphibia,Eleutherodactylus coqui,1,u,,LC,NT,1980,2004
Amphibia,Eleutherodactylus cruzi,1,u,,CR,CR(PE),1980,2004
Amphibia,Eleutherodactylus emcelae,1,u,,EN,CR,1980,2004
Amphibia,Eleutherodactylus emleni,2,u,,EN,CR(PE),1980,2004
Amphibia,Eleutherodactylus eneidae,2,u,,EN,CR(PE),1980,2004
Amphibia,Eleutherodactylus epochthidius,1,u,,EN,CR,1980,2004
Amphibia,Eleutherodactylus escoces,2,u,,EN,CR(PE),1980,2004
Amphibia,Eleutherodactylus eunaster,1,u,,EN,CR,1980,2004
Amphibia,Eleutherodactylus fecundus,2,u,,EN,CR(PE),1980,2004
Amphibia,Eleutherodactylus fleischmanni,2,u,,EN,CR(PE),1980,2004
Amphibia,Eleutherodactylus fowleri,1,u,,EN,CR,1980,2004
Amphibia,Eleutherodactylus furcyensis,1,u,,EN,CR,1980,2004
Amphibia,Eleutherodactylus fuscus,1,u,,EN,CR,1980,2004
Amphibia,Eleutherodactylus ginesi,1,u,,VU,EN,1980,2004
Amphibia,Eleutherodactylus glandulifer,1,u,,EN,CR,1980,2004
Amphibia,Eleutherodactylus glanduliferoides,1,u,,CR,CR(PE),1980,2004
Amphibia,Eleutherodactylus greggi,1,u,,EN,CR,1980,2004
Amphibia,Eleutherodactylus gryllus,2,u,,NT,EN,1980,2004
Amphibia,Eleutherodactylus guerreroensis,2,u,,EN,CR(PE),1980,2004
Amphibia,Eleutherodactylus hedricki,2,u,,NT,EN,1980,2004
Amphibia,Eleutherodactylus heminota,1,u,,VU,EN,1980,2004
Amphibia,Eleutherodactylus jasperi,2,u,,EN,CR(PE),1980,2004
Amphibia,Eleutherodactylus jugans,1,u,,EN,CR,1980,2004
Amphibia,Eleutherodactylus karlschmidti,1,u,,CR,CR(PE),1980,2004
Amphibia,Eleutherodactylus laevissimus,3,u,,LC,EN,1980,2004
Amphibia,Eleutherodactylus lamprotes,1,u,,EN,CR,1980,2004
Amphibia,Eleutherodactylus lancinii,1,u,,VU,EN,1980,2004
Amphibia,Eleutherodactylus leoncei,1,u,,EN,CR,1980,2004
Amphibia,Eleutherodactylus lineatus,2,u,,VU,CR,1980,2004
Amphibia,Eleutherodactylus locustus,3,u,,NT,CR,1980,2004
Amphibia,Eleutherodactylus martinicensis,1,u,,LC,NT,1980,2004
Amphibia,Eleutherodactylus merendonensis,3,u,,VU,CR(PE),1980,2004
Amphibia,Eleutherodactylus milesi,2,u,,EN,EX,1980,2004
Amphibia,Eleutherodactylus nortoni,1,u,,EN,CR,1980,2004
Amphibia,Eleutherodactylus olanchano,3,u,,VU,CR(PE),1980,2004
Amphibia,Eleutherodactylus omoaensis,1,u,,CR,CR(PE),1980,2004
Amphibia,Eleutherodactylus orcutti,2,u,,EN,CR(PE),1980,2004
Amphibia,Eleutherodactylus oxyrhyncus,1,u,,EN,CR,1980,2004
Amphibia,Eleutherodactylus parabates,1,u,,EN,CR,1980,2004
Amphibia,Eleutherodactylus parapelates,1,u,,EN,CR,1980,2004
Amphibia,Eleutherodactylus paulsoni,1,u,,EN,CR,1980,2004
Amphibia,Eleutherodactylus polymniae,2,u,,EN,CR(PE),1980,2004
Amphibia,Eleutherodactylus portoricensis,2,u,,NT,EN,1980,2004
Amphibia,Eleutherodactylus ranoides,4,u,,LC,CR,1980,2004
Amphibia,Eleutherodactylus richmondi,3,u,,NT,CR,1980,2004
Amphibia,Eleutherodactylus rufescens,2,u,,VU,CR,1980,2004
Amphibia,Eleutherodactylus rufifemoralis,1,u,,EN,CR,1980,2004
Amphibia,Eleutherodactylus sabrinus,1,u,,VU,EN,1980,2004
Amphibia,Eleutherodactylus saltuarius,2,u,,EN,CR(PE),1980,2004
Amphibia,Eleutherodactylus sandersoni,1,u,,VU,EN,1980,2004
Amphibia,Eleutherodactylus schmidti,3,u,,VU,CR(PE),1980,2004
Amphibia,Eleutherodactylus semipalmatus,1,u,,CR,CR(PE),1980,2004
Amphibia,Eleutherodactylus stadelmani,2,u,,EN,CR(PE),1980,2004
Amphibia,Eleutherodactylus symingtoni,1,u,,EN,CR,1980,2004
Amphibia,Eleutherodactylus trachydermus,1,u,,CR,CR(PE),1980,2004
Amphibia,Eleutherodactylus unicolor,2,u,,VU,CR,1980,2004
Amphibia,Eleutherodactylus urichi,1,u,,VU,EN,1980,2004
Amphibia,Eleutherodactylus warreni,1,u,,EN,CR,1980,2004
Amphibia,Eleutherodactylus wightmanae,2,u,,NT,EN,1980,2004
Amphibia,Eleutherodactylus zongoensis,1,u,,CR,CR(PE),1980,2004
Amphibia,Gastrophrynoides borneensis,1,u,,NT,VU,1980,2004
Amphibia,Gastrotheca angustifrons,1,u,,NT,VU,1980,2004
Amphibia,Gastrotheca lauzuricae,1,u,,CR,CR(PE),1980,2004
Amphibia,Gastrotheca pseustes,3,u,,LC,EN,1980,2004
Amphibia,Gastrotheca riobambae,3,u,,LC,EN,1980,2004
Amphibia,Gastrotheca splendens,1,u,,VU,EN,1980,2004
Amphibia,Glyphoglossus molossus,1,u,,LC,NT,1980,2004
Amphibia,Heleioporus australiacus,2,u,,LC,VU,1980,2004
Amphibia,Hemiphractus bubalus,1,u,,LC,NT,1980,2004
Amphibia,Hemiphractus fasciatus,1,u,,LC,NT,1980,2004
Amphibia,Hemisus guttatus,1,u,,NT,VU,1980,2004
Amphibia,Heterixalus rutenbergi,1,u,,LC,NT,1980,2004
Amphibia,Holoaden bradei,1,u,,CR,CR(PE),1980,2004
Amphibia,Hyla albonigra,1,u,,LC,NT,1980,2004
Amphibia,Hyla altipotens,2,u,,EN,CR(PE),1980,2004
Amphibia,Hyla angustilineata,1,u,,EN,CR,1980,2004
Amphibia,Hyla arborea,1,u,,LC,NT,1980,2004
Amphibia,Hyla bocourti,2,u,,EN,CR(PE),1980,2004
Amphibia,Hyla bromeliacia,1,u,,VU,EN,1980,2004
Amphibia,Hyla calvicollina,1,u,,CR,CR(PE),1980,2004
Amphibia,Hyla calypsa,2,u,,EN,CR(PE),1980,2004
Amphibia,Hyla celata,1,u,,CR,CR(PE),1980,2004
Amphibia,Hyla colymba,1,u,,VU,EN,1980,2004
Amphibia,Hyla cyanomma,1,u,,CR,CR(PE),1980,2004
Amphibia,Hyla debilis,2,u,,EN,CR(PE),1980,2004
Amphibia,Hyla dendroscarta,2,u,,EN,CR(PE),1980,2004
Amphibia,Hyla echinata,2,u,,EN,CR(PE),1980,2004
Amphibia,Hyla graceae,2,u,,EN,CR(PE),1980,2004
Amphibia,Hyla hazelae,2,u,,EN,CR(PE),1980,2004
Amphibia,Hyla heilprini,1,u,,NT,VU,1980,2004
Amphibia,Hyla pellita,2,u,,EN,CR(PE),1980,2004
Amphibia,Hyla rivularis,3,u,,VU,CR(PE),1980,2004
Amphibia,Hyla siopela,1,u,,CR,CR(PE),1980,2004
Amphibia,Hyla thorectes,2,u,,EN,CR(PE),1980,2004
Amphibia,Hyla tica,3,u,,VU,CR(PE),1980,2004
Amphibia,Hyla trux,1,u,,CR,CR(PE),1980,2004
Amphibia,Hyperolius chlorosteus,1,u,,LC,NT,1980,2004
Amphibia,Hyperolius cystocandicans,1,u,,NT,VU,1980,2004
Amphibia,Ixalotriton parva,1,u,,CR,CR(PE),1980,2004
Amphibia,Kalophrynus subterrestris,1,u,,LC,NT,1980,2004
Amphibia,Kaloula mediolineata,1,u,,LC,NT,1980,2004
Amphibia,Leiopelma archeyi,3,u,,NT,CR,1980,2004
Amphibia,Leptodactylus fallax,1,u,,EN,CR,1980,2004
Amphibia,Leptodactylus laticeps,1,u,,LC,NT,1980,2004
Amphibia,Leptodactylus silvanimbus,1,u,,EN,CR,1980,2004
Amphibia,Leptolalax dringi,1,u,,LC,NT,1980,2004
Amphibia,Leptolalax gracilis,1,u,,LC,NT,1980,2004
Amphibia,Leptopelis occidentalis,1,u,,LC,NT,1980,2004
Amphibia,Leptophryne cruentata,2,u,,VU,CR,1980,2004
Amphibia,Limnonectes blythii,1,u,,LC,NT,1980,2004
Amphibia,Limnonectes ibanorum,1,u,,LC,NT,1980,2004
Amphibia,Limnonectes ingeri,1,u,,LC,NT,1980,2004
Amphibia,Limnonectes macrocephalus,1,u,,LC,NT,1980,2004
Amphibia,Limnonectes magnus,1,u,,LC,NT,1980,2004
Amphibia,Limnonectes malesianus,1,u,,LC,NT,1980,2004
Amphibia,Limnonectes paramacrodon,1,u,,LC,NT,1980,2004
Amphibia,Limnonectes rhacoda,1,u,,LC,NT,1980,2004
Amphibia,Limnonectes tweediei,1,u,,LC,NT,1980,2004
Amphibia,Limnonectes visayanus,1,u,,NT,VU,1980,2004
Amphibia,Litoria aurea,1,u,,NT,VU,1980,2004
Amphibia,Litoria booroolongensis,2,u,,VU,CR,1980,2004
Amphibia,Litoria brevipalmata,1,u,,VU,EN,1980,2004
Amphibia,Litoria castanea,1,u,,CR,CR(PE),1980,2004
Amphibia,Litoria cooloolensis,2,u,,NT,EN,1980,2004
Amphibia,Litoria freycineti,1,u,,NT,VU,1980,2004
Amphibia,Litoria lorica,2,u,,EN,CR(PE),1980,2004
Amphibia,Litoria nannotis,1,u,,VU,EN,1980,2004
Amphibia,Litoria nyakalensis,3,u,,VU,CR(PE),1980,2004
Amphibia,Litoria pearsoniana,1,u,,LC,NT,1980,2004
Amphibia,Litoria raniformis,3,u,,LC,EN,1980,2004
Amphibia,Litoria rheocola,1,u,,VU,EN,1980,2004
Amphibia,Litoria spenceri,1,u,,EN,CR,1980,2004
Amphibia,Mannophryne olmonae,2,u,,VU,CR,1980,2004
Amphibia,Mantella cowanii,1,u,,EN,CR,1980,2004
Amphibia,Melanophryniscus devincenzii,1,u,,VU,EN,1980,2004
Amphibia,Meristogenys phaeomerus,1,u,,LC,NT,1980,2004
Amphibia,Meristogenys poecilus,1,u,,LC,NT,1980,2004
Amphibia,Meristogenys whiteheadi,1,u,,LC,NT,1980,2004
Amphibia,Microbatrachella capensis,1,u,,EN,CR,1980,2004
Amphibia,Microhyla perparva,1,u,,LC,NT,1980,2004
Amphibia,Microhyla petrigena,1,u,,LC,NT,1980,2004
Amphibia,Mixophyes balbus,2,u,,LC,VU,1980,2004
Amphibia,Mixophyes fleayi,1,u,,VU,EN,1980,2004
Amphibia,Mixophyes iteratus,3,u,,LC,EN,1980,2004
Amphibia,Nanorana pleskei,1,u,,LC,NT,1980,2004
Amphibia,Natalobatrachus bonebergi,1,u,,VU,EN,1980,2004
Amphibia,Nectophrynoides asperginis,3,u,,VU,CR(PE),1980,2004
Amphibia,Necturus alabamensis,1,u,,VU,EN,1980,2004
Amphibia,Nephelobates meridensis,1,u,,EN,CR,1980,2004
Amphibia,Nimbaphrynoides occidentalis,2,u,,VU,CR,1980,2004
Amphibia,Notophthalmus perstriatus,1,u,,LC,NT,1980,2004
Amphibia,Nyctimystes dayi,1,u,,VU,EN,1980,2004
Amphibia,Nyctixalus pictus,1,u,,LC,NT,1980,2004
Amphibia,Occidozyga baluensis,1,u,,LC,NT,1980,2004
Amphibia,Occidozyga borealis,1,u,,NT,VU,1980,2004
Amphibia,Odontophrynus moratoi,1,u,,CR,CR(PE),1980,2004
Amphibia,Oedipina gracilis,1,u,,VU,EN,1980,2004
Amphibia,Oreolalax lichuanensis,1,u,,LC,NT,1980,2004
Amphibia,Oreolalax rugosus,1,u,,LC,NT,1980,2004
Amphibia,Osornophryne percrassa,1,u,,VU,EN,1980,2004
Amphibia,Osteopilus pulchrilineatus,1,u,,VU,EN,1980,2004
Amphibia,Osteopilus vastus,1,u,,VU,EN,1980,2004
Amphibia,Paa boulengeri,3,u,,LC,EN,1980,2004
Amphibia,Paa exilispinosa,2,u,,LC,VU,1980,2004
Amphibia,Paa jiulongensis,1,u,,NT,VU,1980,2004
Amphibia,Paa maculosa,1,u,,VU,EN,1980,2004
Amphibia,Paa shini,2,u,,LC,VU,1980,2004
Amphibia,Paa spinosa,2,u,,LC,VU,1980,2004
Amphibia,Paa yunnanensis,3,u,,LC,EN,1980,2004
Amphibia,Pedostibes rugosus,1,u,,LC,NT,1980,2004
Amphibia,Pelobates varaldii,1,u,,VU,EN,1980,2004
Amphibia,Pelophryne signata,1,u,,LC,NT,1980,2004
Amphibia,Philautus aurantium,1,u,,VU,EN,1980,2004
Amphibia,Philautus hosii,1,u,,LC,NT,1980,2004
Amphibia,Philautus kerangae,1,u,,VU,EN,1980,2004
Amphibia,Philautus tectus,1,u,,NT,VU,1980,2004
Amphibia,Philoria frosti,1,u,,EN,CR,1980,2004
Amphibia,Philoria sphagnicolus,1,u,,VU,EN,1980,2004
Amphibia,Phrynobatrachus alleni,1,u,,LC,NT,1980,2004
Amphibia,Phrynobatrachus guineensis,1,u,,LC,NT,1980,2004
Amphibia,Phrynobatrachus liberiensis,1,u,,LC,NT,1980,2004
Amphibia,Phrynobatrachus phyllophilus,1,u,,LC,NT,1980,2004
Amphibia,Phrynopus dagmarae,1,u,,EN,CR,1980,2004
Amphibia,Phrynopus kauneorum,1,u,,EN,CR,1980,2004
Amphibia,Phrynopus spectabilis,1,u,,CR,CR(PE),1980,2004
Amphibia,Phyllomedusa lemur,1,u,,VU,EN,1980,2004
Amphibia,Platymantis akarithymus,1,u,,NT,VU,1980,2004
Amphibia,Platymantis hazelae,1,u,,VU,EN,1980,2004
Amphibia,Plectrohyla dasypus,1,u,,EN,CR,1980,2004
Amphibia,Plectrohyla glandulosa,1,u,,VU,EN,1980,2004
Amphibia,Plectrohyla guatemalensis,4,u,,LC,CR,1980,2004
Amphibia,Plectrohyla hartwegi,2,u,,VU,CR,1980,2004
Amphibia,Plethodon neomexicanus,2,d,y,EN,NT,1980,2004
Amphibia,Pleurodema bibroni,1,u,,LC,NT,1980,2004
Amphibia,Pleurodema kriegi,2,d,y,EN,NT,1980,2004
Amphibia,Pseudoeurycea aquatica,1,u,,CR,CR(PE),1980,2004
Amphibia,Pseudoeurycea bellii,2,u,,LC,VU,1980,2004
Amphibia,Pseudoeurycea cephalica,1,u,,LC,NT,1980,2004
Amphibia,Pseudoeurycea naucampatepetl,1,u,,CR,CR(PE),1980,2004
Amphibia,Pseudoeurycea nigromaculata,1,u,,CR,CR(PE),1980,2004
Amphibia,Pseudoeurycea smithi,1,u,,EN,CR,1980,2004
Amphibia,Pseudophryne bibronii,1,u,,LC,NT,1980,2004
Amphibia,Pseudophryne corroboree,1,u,,EN,CR,1980,2004
Amphibia,Pseudophryne pengilleyi,1,u,,VU,EN,1980,2004
Amphibia,Ptychadena newtoni,2,u,,VU,CR,1980,2004
Amphibia,Ptychadena superciliaris,1,u,,LC,NT,1980,2004
Amphibia,Ptychohyla hypomykter,2,u,,NT,EN,1980,2004
Amphibia,Rana areolata,1,u,,LC,NT,1980,2004
Amphibia,Rana aurora,1,u,,LC,NT,1980,2004
Amphibia,Rana boylii,1,u,,LC,NT,1980,2004
Amphibia,Rana capito,1,u,,LC,NT,1980,2004
Amphibia,Rana cascadae,1,u,,LC,NT,1980,2004
Amphibia,Rana chosenica,1,u,,NT,VU,1980,2004
Amphibia,Rana grahami,1,u,,LC,NT,1980,2004
Amphibia,Rana holtzi,2,u,,VU,CR,1980,2004
Amphibia,Rana iberica,1,u,,LC,NT,1980,2004
Amphibia,Rana jingdongensis,2,u,,LC,VU,1980,2004
Amphibia,Rana latastei,1,u,,NT,VU,1980,2004
Amphibia,Rana megapoda,2,u,,LC,VU,1980,2004
Amphibia,Rana minima,1,u,,EN,CR,1980,2004
Amphibia,Rana muscosa,1,u,,NT,VU,1980,2004
Amphibia,Rana nigromaculata,1,u,,LC,NT,1980,2004
Amphibia,Rana omiltemana,2,u,,EN,CR(PE),1980,2004
Amphibia,Rana shqiperica,2,u,,NT,EN,1980,2004
Amphibia,Rana tarahumarae,2,u,,LC,VU,1980,2004
Amphibia,Rana tlaloci,1,u,,CR,CR(PE),1980,2004
Amphibia,Rana vibicaria,1,u,,EN,CR,1980,2004
Amphibia,Rana warszewitschii,1,u,,LC,NT,1980,2004
Amphibia,Rhacophorus bifasciatus,1,u,,LC,NT,1980,2004
Amphibia,Rhacophorus dulitensis,1,u,,LC,NT,1980,2004
Amphibia,Rhacophorus kajau,1,u,,LC,NT,1980,2004
Amphibia,Rhacophorus rufipes,1,u,,LC,NT,1980,2004
Amphibia,Rheobatrachus silus,1,u,,CR,EX,1980,2004
Amphibia,Rheobatrachus vitellinus,1,u,,CR,EX,1980,2004
Amphibia,Rhinoderma darwinii,2,u,,LC,VU,1980,2004
Amphibia,Scaphiophryne gottlebei,1,u,,EN,CR,1980,2004
Amphibia,Scutiger maculatus,1,u,,CR,CR(PE),1980,2004
Amphibia,Spea hammondii,1,u,,LC,NT,1980,2004
Amphibia,Speleomantes supramontis,2,u,,NT,EN,1980,2004
Amphibia,Staurois tuberilinguis,1,u,,LC,NT,1980,2004
Amphibia,Strongylopus wageri,1,u,,LC,NT,1980,2004
Amphibia,Stumpffia helenae,1,u,,EN,CR,1980,2004
Amphibia,Taudactylus acutirostris,3,u,,VU,CR(PE),1980,2004
Amphibia,Taudactylus eungellensis,1,u,,EN,CR,1980,2004
Amphibia,Taudactylus pleione,2,u,,VU,CR,1980,2004
Amphibia,Taudactylus rheophilus,1,u,,EN,CR,1980,2004
Amphibia,Telmatobius arequipensis,1,u,,NT,VU,1980,2004
Amphibia,Telmatobius brevipes,1,u,,VU,EN,1980,2004
Amphibia,Telmatobius carrillae,1,u,,NT,VU,1980,2004
Amphibia,Telmatobius cirrhacelis,1,u,,CR,CR(PE),1980,2004
Amphibia,Telmatobius colanensis,1,u,,VU,EN,1980,2004
Amphibia,Telmatobius culeus,2,u,,VU,CR,1980,2004
Amphibia,Telmatobius gigas,2,u,,VU,CR,1980,2004
Amphibia,Telmatobius huayra,1,u,,NT,VU,1980,2004
Amphibia,Telmatobius jelskii,1,u,,LC,NT,1980,2004
Amphibia,Telmatobius marmoratus,2,u,,LC,VU,1980,2004
Amphibia,Telmatobius niger,3,u,,VU,CR(PE),1980,2004
Amphibia,Telmatobius pefauri,2,u,,VU,CR,1980,2004
Amphibia,Telmatobius simonsi,1,u,,LC,NT,1980,2004
Amphibia,Telmatobius vellardi,2,u,,EN,CR(PE),1980,2004
Amphibia,Telmatobius zapahuirensis,2,u,,VU,CR,1980,2004
Amphibia,Thorius infernalis,1,u,,CR,CR(PE),1980,2004
Amphibia,Thorius magnipes,1,u,,CR,CR(PE),1980,2004
Amphibia,Thorius narismagnus,1,u,,CR,CR(PE),1980,2004
Amphibia,Thorius narisovalis,2,u,,EN,CR(PE),1980,2004
Amphibia,Thorius pennatulus,1,u,,EN,CR,1980,2004
Amphibia,Triturus pygmaeus,1,u,,LC,NT,1980,2004
Amphibia,Tylototriton asperrimus,1,u,,LC,NT,1980,2004
Amphibia,Tylototriton shanjing,1,u,,LC,NT,1980,2004
Aves,Accipiter princeps,1,u,,NT,VU,1994,2000.00
Aves,Aceros comatus,1,u,,LC,NT,1994,2000.00
Aves,Acrocephalus griseldis,1,u,,VU,EN,2000,2004
Aves,Acrocephalus griseldis,1,u,,NT,VU,1994,2000.00
Aves,Acrocephalus luscinius,1,,,EN,CR,2000,2004
Aves,Acrocephalus rodericanus,1,d,y,CR,EN,1994,2000.00
Aves,Actenoides concretus,1,u,,LC,NT,1994,2000.00
Aves,Aegithina viridissima,1,u,,LC,NT,1994,2000.00
Aves,Agelaius tricolor,3,u,,LC,EN,1994,2000.00
Aves,Alcedo euryzona,1,u,,NT,VU,1994,2000.00
Aves,Alcippe brunneicauda,1,u,,LC,NT,1994,2000.00
Aves,Alethe choloensis,1,u,,VU,EN,1994,2000.00
Aves,Alophoixus finschii,1,u,,LC,NT,1994,2000.00
Aves,Amazona brasiliensis,1,d,y,EN,VU,2000,2004
Aves,Anas eatoni,1,u,,NT,VU,1994,2000.00
Aves,Anas luzonica,1,u,,NT,VU,1994,2000.00
Aves,Anas melleri,1,u,,VU,EN,1988,1994
Aves,Anodorhynchus hyacinthinus,1,u,,VU,EN,1994,2000
Aves,Anodorhynchus leari,1,d,y,CR,EN,2000,2004
Aves,Anthracoceros montani,1,u,,EN,CR,1988,1994
Aves,Anthreptes rhodolaemus,1,u,,LC,NT,1994,2000
Aves,Anthus sokokensis,1,u,,VU,EN,1994,2000
Aves,,1,,,,,2000,2004
Aves,Ara glaucogularis,1,u,,EN,CR,1994,2000
Aves,Ardeola idae,1,u,,VU,EN,1988,1994
Aves,Argusianus argus,1,u,,LC,NT,1994,2000
Aves,Atrichornis rufescens,1,u,,NT,VU,2004,2008
Aves,Aythya baeri,1,u,,VU,EN,2004,2008
Aves,Balearica pavonina,1,u,,LC,NT,1988,1994
Aves,Balearica pavonina,1,u,,NT,VU,1994,2000
Aves,Batrachostomus stellatus,1,u,,LC,NT,1994,2000
Aves,Brachyramphus brevirostris,2,u,,LC,VU,1988,1994
Aves,Brachyramphus brevirostris,2,u,,VU,CR,1994,2000
Aves,Bradypterus graueri,1,u,,VU,EN,1988,1994
Aves,Branta ruficollis,1,u,,VU,EN,2000,2004
Aves,Brotogeris pyrrhoptera,1,u,,VU,EN,1988,1994
Aves,Buceros rhinoceros,1,u,,LC,NT,1994,2000
Aves,Buteo ridgwayi,1,u,,EN,CR,1994,2000
Aves,Cacatua haematuropygia,1,u,,EN,CR,1988,1994
Aves,Cacatua ophthalmica,1,u,,NT,VU,1994,2000
Aves,Cacatua sulphurea,1,u,,EN,CR,1994,2000
Aves,Caloperdix oculeus,1,u,,LC,NT,1994,2000
Aves,Calyptomena hosii,1,u,,LC,NT,1994,2000
Aves,Calyptomena viridis,1,u,,LC,NT,1994,2000
Aves,Caprimulgus concretus,1,u,,NT,VU,1994,2000
Aves,Centropus rectunguis,1,u,,NT,VU,1994,2000
Aves,Centropus violaceus,1,u,,LC,NT,1994,2000
Aves,Cercomacra ferdinandi,1,u,,NT,VU,2000,2004
Aves,Cercomacra ferdinandi,1,u,,LC,NT,1994,2000
Aves,,1,,,,,1994,2000
Aves,Charadrius sanctaehelenae,1,u,,EN,CR,2004,2008
Aves,Chlamydotis undulata,1,u,,NT,VU,2000,2004
Aves,Chlamydotis undulata,1,u,,LC,NT,1994,2000
Aves,Chloropsis cyanopogon,1,u,,LC,NT,1994,2000
Aves,Cleptornis marchei,2,u,,VU,CR,2000,2004
Aves,Columba eversmanni,1,u,,NT,VU,1988,1994
Aves,Columba trocaz,1,d,y,VU,NT,1988,1994
Aves,Copsychus sechellarum,1,d,y,CR,EN,2000,2004
Aves,Coracias garrulus,1,u,,LC,NT,1994,2000
Aves,Coracina newtoni,1,u,,EN,CR,2000,2004
Aves,Corvus hawaiiensis,1,u,,CR,EW,2000,2004
Aves,Corvus kubaryi,1,u,,EN,CR,1994,2000
Aves,Crax blumenbachii,1,d,y,CR,EN,1994,2000
Aves,Cuculus vagans,1,u,,LC,NT,1994,2000
Aves,Cyanopsitta spixii,1,u,,CR,CR(PEW),2000,2004
Aves,Cyanoramphus cookii,1,d,y,CR,EN,1994,2000
Aves,Cyanoramphus malherbi,1,u,,EN,CR,1994,2000
Aves,Cyornis caerulatus,1,u,,NT,VU,1994,2000
Aves,Dasyornis longirostris,1,d,y,EN,VU,1994,2000
Aves,Dendroica kirtlandii,1,d,y,VU,NT,1988,1994
Aves,Dinopium rafflesii,1,u,,LC,NT,1994,2000
Aves,Diomedea dabbenena,1,u,,EN,CR,1988,1994
Aves,Ducula finschii,1,u,,LC,NT,1994,2000
Aves,Ducula galeata,1,d,y,CR,EN,2000,2004
Aves,Ducula rubricera,1,u,,LC,NT,1994,2000
Aves,Ducula whartoni,2,d,y,CR,VU,2000,2004
Aves,Ducula whartoni,2,u,,VU,CR,1994,2000
Aves,Emberiza aureola,1,u,,NT,VU,1994,2000
Aves,Emberiza jankowskii,1,,,VU,,2000,2004
Aves,Enicurus ruficapillus,1,u,,LC,NT,1994,2000
Aves,Eupetes macrocerus,1,u,,LC,NT,1994,2000
Aves,Eurylaimus ochromalus,1,u,,LC,NT,1994,2000
Aves,Eurynorhynchus pygmeus,1,u,,EN,CR,2004,2008
Aves,Eurynorhynchus pygmeus,1,u,,VU,EN,1994,2000
Aves,Eurystomus azureus,1,u,,LC,NT,1994,2000
Aves,Falco cherrug,1,u,,VU,EN,2000,2004
Aves,Falco cherrug,1,u,,NT,VU,1994,2000
Aves,Falco punctatus,1,d,y,CR,EN,1988,1994
Aves,Falco punctatus,1,d,y,EN,VU,1994,2000
Aves,Ficedula dumetoria,1,u,,LC,NT,1994,2000
Aves,Forpus xanthops,1,u,,NT,VU,1988,1994
Aves,Foudia flavicans,1,d,y,EN,VU,1988,1994
Aves,Foudia rubra,1,d,y,CR,EN,1994,2000
Aves,Foudia sechellarum,1,d,y,VU,NT,2004,2008
Aves,Francolinus camerunensis,1,u,,VU,EN,1994,2000
Aves,Francolinus ochropectus,1,u,,EN,CR,1988,1994
Aves,Gallicolumba hoedtii,1,u,,VU,EN,1994,2000
Aves,Gorsachius goisagi,1,u,,VU,EN,1988,1994
Aves,Grantiella picta,1,,,NT,VU,2004,2008
Aves,Grus monacha,1,u,,NT,VU,1994,2000
Aves,Gymnogyps californianus,1,d,y,EW,CR,1988,1994
Aves,Gyps bengalensis,3,u,,NT,CR,1994,2000
Aves,Gyps indicus,3,u,,NT,CR,1994,2000
Aves,Gyps tenuirostris,3,u,,NT,CR,1994,2000
Aves,Haliaeetus albicilla,1,d,y,NT,LC,1994,2000
Aves,Hapalopsittaca pyrrhops,1,u,,NT,VU,1988,1994
Aves,Harpactes diardii,1,u,,LC,NT,1994,2000
Aves,Harpactes duvaucelii,1,u,,LC,NT,1994,2000
Aves,Harpactes kasumba,1,u,,LC,NT,1994,2000
Aves,Harpactes orrhophaeus,1,u,,LC,NT,1994,2000
Aves,Hemignathus lucidus,1,u,,CR,CR(PE),1994,2000
Aves,Heteromirafra sidamoensis,1,,,EN,CR,2004,2008
Aves,Houbaropsis bengalensis,1,u,,EN,CR,2004,2008
Aves,Icterus oberi,2,u,,VU,CR,1994,2000
Aves,Iole olivacea,1,u,,LC,NT,1994,2000
Aves,Ixos malaccensis,1,u,,LC,NT,1994,2000
Aves,Kenopia striata,1,u,,LC,NT,1994,2000
Aves,Larus bulleri,1,u,,VU,EN,1988,1994
Aves,Larus relictus,1,u,,NT,VU,1994,2000
Aves,Lathamus discolor,1,u,,VU,EN,1988,1994
Aves,Lepidopyga lilliae,1,u,,EN,CR,1988,1994
Aves,Limosa limosa,1,u,,LC,NT,2000,2004
Aves,Loxioides bailleui,1,,,EN,CR,2004,2008
Aves,Loxops caeruleirostris,1,u,,EN,CR,2004,2008
Aves,Macronous ptilosus,1,u,,LC,NT,1994,2000
Aves,Malacocincla malaccensis,1,u,,LC,NT,1994,2000
Aves,Malacopteron affine,1,u,,LC,NT,1994,2000
Aves,Malacopteron magnum,1,u,,LC,NT,1994,2000
Aves,Megalaima henricii,1,u,,LC,NT,1994,2000
Aves,Megalaima mystacophanos,1,u,,LC,NT,1994,2000
Aves,Megalurulus grosvenori,1,u,,NT,VU,1994,2000
Aves,Megapodius pritchardii,1,d,y,CR,EN,2000,2004
Aves,Meiglyptes tukki,1,u,,LC,NT,1994,2000
Aves,Melamprosops phaeosoma,1,u,,CR,CR(PE),2004,2008
Aves,Melanoperdix niger,1,u,,NT,VU,1994,2000
Aves,Melidectes whitemanensis,1,u,,LC,NT,1994,2000
Aves,Menura alberti,1,,y,VU,NT,2004,2008
Aves,Metallura iracunda,1,u,,VU,EN,2000,2004
Aves,Milvus milvus,1,u,,LC,NT,1994,2000
Aves,Mimus trifasciatus,1,u,,EN,CR,2004,2008
Aves,Mitu mitu,1,u,,CR,EW,1988,1994
Aves,Mohoua ochrocephala,1,u,,VU,EN,1994,2000
Aves,Myadestes lanaiensis,1,u,,CR,CR(PE),1988,1994
Aves,Myadestes myadestinus,1,u,,CR,EX,1988,1994
Aves,Myiagra albiventris,2,u,,LC,VU,1988,1994
Aves,Myophonus robinsoni,2,d,n,VU,LC,2000,2004
Aves,Myophonus robinsoni,2,u,,LC,VU,1994,2000
Aves,Neophema chrysogaster,1,u,,EN,CR,1988,1994
Aves,Neophron percnopterus,3,u,,LC,EN,2000,2004
Aves,Neotis denhami,1,u,,LC,NT,1994,2000
Aves,Nesoclopeus woodfordi,1,d,n,VU,NT,2000,2004
Aves,Nesoenas mayeri,1,d,y,CR,EN,1988,1994
Aves,Ninox natalis,2,d,y,CR,VU,2000,2004
Aves,Ninox natalis,2,u,,VU,CR,1994,2000
Aves,Ninox odiosa,1,u,,NT,VU,1994,2000
Aves,Nipponia nippon,1,d,y,CR,EN,1994,2000
Aves,Numenius arquata,1,u,,LC,NT,1994,2000
Aves,Ognorhynchus icterotis,1,d,y,CR,EN,2000,2004
Aves,Oriolus xanthonotus,1,u,,LC,NT,1994,2000
Aves,Otus rufescens,1,u,,LC,NT,1994,2000
Aves,Oxyura leucocephala,1,u,,VU,EN,1994,2000
Aves,Padda oryzivora,1,u,,NT,VU,1988,1994
Aves,Palmeria dolei,2,u,,VU,CR,2000,2004
Aves,Papasula abbotti,1,d,y,CR,EN,2000,2004
Aves,Papasula abbotti,1,u,,EN,CR,1994,2000
Aves,Paroreomyza maculata,1,u,,CR,CR(PE),1988,1994
Aves,Paroreomyza montana,1,u,,VU,EN,2000,2004
Aves,Patagioenas inornata,1,d,n,VU,NT,1994,2000
Aves,Pauxi pauxi,1,u,,VU,EN,2004,2008
Aves,Pelecanus crispus,1,u,,NT,VU,2000,2004
Aves,Pelecanus crispus,1,d,y,VU,NT,1994,2000
Aves,Penelope jacucaca,1,u,,NT,VU,2000,2004
Aves,Penelope ortoni,1,u,,VU,EN,2000,2004
Aves,Pericrocotus igneus,1,u,,LC,NT,1994,2000
Aves,Phaenicophaeus diardi,1,u,,LC,NT,1994,2000
Aves,Phaenicophaeus sumatranus,1,u,,LC,NT,1994,2000
Aves,Phalacrocorax bougainvillii,1,u,,LC,NT,1994,2000
Aves,Phalacrocorax featherstoni,1,u,,VU,EN,2000,2004
Aves,Phalacrocorax neglectus,1,u,,VU,EN,1994,2000
Aves,Philentoma velata,1,u,,LC,NT,1994,2000
Aves,Phoebastria irrorata,2,u,,VU,CR,2000,2004
Aves,Phoebastria nigripes,1,u,,VU,EN,2000,2004
Aves,Phoebastria nigripes,2,u,,LC,VU,1994,2000
Aves,Phoebetria fusca,1,u,,VU,EN,2000,2004
Aves,Phoenicoparrus jamesi,1,d,y,VU,NT,1994,2000
Aves,Phoenicopterus chilensis,1,u,,LC,NT,1988,1994
Aves,Picumnus fuscus,1,u,,LC,NT,1994,2000
Aves,Pipile jacutinga,1,u,,VU,EN,1994,2000
Aves,Pitta baudii,1,u,,NT,VU,1994,2000
Aves,Pitta granatina,1,u,,LC,NT,1994,2000
Aves,Platalea minor,1,d,y,CR,EN,1994,2000
Aves,Platylophus galericulatus,1,u,,LC,NT,1994,2000
Aves,Podiceps gallardoi,1,,,VU,EN,2004,2008
Aves,Podiceps gallardoi,1,,,NT,VU,2000,2004
Aves,Polysticta stelleri,1,u,,NT,VU,2000,2004
Aves,Pomarea dimidiata,1,d,y,CR,EN,1988,1994
Aves,Pomarea whitneyi,2,u,,VU,CR,1994,2000
Aves,Prinia cinereocapilla,1,u,,NT,VU,1994,2000
Aves,Prionochilus thoracicus,1,u,,LC,NT,1994,2000
Aves,Procnias nudicollis,1,u,,NT,VU,2000,2004
Aves,Pseudibis davisoni,1,u,,EN,CR,1994,2000
Aves,Pseudonestor xanthophrys,2,u,,VU,CR,2000,2004
Aves,Psittacula eques,1,d,y,CR,EN,2000,2004
Aves,Psittacula longicauda,1,u,,LC,NT,1994,2000
Aves,Psittirostra psittacea,1,u,,CR,CR(PE),1988,1994
Aves,Pterodroma alba,1,u,,VU,EN,2000,2004
Aves,Pterodroma axillaris,1,,y,CR,EN,2004,2008
Aves,Pterodroma baraui,1,u,,EN,CR,1988,1994
Aves,Pterodroma baraui,1,d,y,CR,EN,1994,2000
Aves,Pterodroma cookii,1,,y,EN,VU,2004,2008
Aves,Ptilinopus jambu,1,u,,LC,NT,1994,2000
Aves,Ptilinopus roseicapilla,2,u,,NT,EN,2000,2004
Aves,Ptilocichla leucogrammica,1,u,,NT,VU,1994,2000
Aves,Puffinus mauretanicus,1,u,,EN,CR,2000,2004
Aves,Puffinus mauretanicus,1,u,,VU,EN,1994,2000
Aves,Puffinus opisthomelas,1,d,y,VU,NT,2000,2004
Aves,Pycnonotus cyaniventris,1,u,,LC,NT,1994,2000
Aves,Pycnonotus eutilotus,1,u,,LC,NT,1994,2000
Aves,Pycnonotus melanoleucos,1,u,,LC,NT,1994,2000
Aves,Pycnonotus squamatus,1,u,,LC,NT,1994,2000
Aves,Pycnonotus taivanus,1,u,,NT,VU,1994,2000
Aves,Pycnonotus xantholaemus,1,u,,NT,VU,1994,2000
Aves,Reinwardtoena browni,1,u,,LC,NT,1994,2000
Aves,Reinwardtoena crassirostris,1,u,,LC,NT,1988,1994
Aves,Rhinomyias umbratilis,1,u,,LC,NT,1994,2000
Aves,Rhizothera longirostris,1,u,,LC,NT,1994,2000
Aves,Rollandia microptera,3,u,,LC,EN,2000,2004
Aves,Rollulus rouloul,1,u,,LC,NT,1994,2000
Aves,Rynchops flavirostris,1,u,,LC,NT,1988,1994
Aves,Sarcogyps calvus,3,u,,NT,CR,2000,2004
Aves,Schizoeaca perijana,1,u,,VU,EN,2000,2004
Aves,Serinus syriacus,1,u,,NT,VU,1994,2000
Aves,Setornis criniger,1,u,,NT,VU,1994,2000
Aves,Sitta krueperi,1,u,,LC,NT,2004,2008
Aves,,2,,,,,2004,2008
Aves,,1,,,,,2004,2008
Aves,Spheniscus humboldti,1,u,,NT,VU,1994,2000
Aves,Spizocorys fringillaris,1,u,,VU,EN,1994,2000
Aves,Stachyris leucotis,1,u,,LC,NT,1994,2000
Aves,Stachyris maculata,1,u,,LC,NT,1994,2000
Aves,Stachyris nigricollis,1,u,,LC,NT,1994,2000
Aves,Sterna albostriata,1,u,,VU,EN,1988,1994
Aves,Sterna nereis,1,u,,NT,VU,2004,2008
Aves,Stipiturus mallee,1,u,,VU,EN,2004,2008
Aves,,1,,,,,2004,2008
Aves,Sturnus melanopterus,1,u,,VU,EN,1988,1994
Aves,Suiriri islerorum,1,,,LC,NT,2004,2008
Aves,Sylvia undata,1,u,,LC,NT,2000,2004
Aves,Synallaxis fuscorufa,1,u,,NT,VU,2000,2004
Aves,Sypheotides indicus,1,d,n,CR,EN,1988,1994
Aves,Tachybaptus rufolavatus,1,u,,CR,EX,1988,1994
Aves,Tetrao mlokosiewiczi,1,u,,LC,NT,2004,2008
Aves,Thalassarche melanophrys,2,u,,NT,EN,1994,2000
Aves,Todiramphus funebris,1,u,,NT,VU,1994,2000
Aves,Todiramphus godeffroyi,1,,,EN,CR,1994,2000
Aves,Torgos tracheliotos,1,u,,NT,VU,1988,1994
Aves,Toxostoma guttatum,2,u,,VU,CR,1988,1994
Aves,Treron capellei,1,u,,NT,VU,1994,2000
Aves,Treron floris,1,u,,NT,VU,1994,2000
Aves,Treron psittaceus,1,u,,VU,EN,1994,2000
Aves,Trichixos pyrropygus,1,u,,LC,NT,1994,2000
Aves,Turdinus atrigularis,1,u,,LC,NT,1994,2000
Aves,Turdus lherminieri,1,u,,NT,VU,1994,2000
Aves,Tympanuchus cupido,1,u,,NT,VU,1988,1994
Aves,Tyto aurantia,1,u,,NT,VU,1994,2000
Aves,Vanellus gregarius,1,u,,EN,CR,2000,2004
Aves,Vermivora bachmanii,1,u,,CR,CR(PE),1988,1994
Aves,Xenoperdix udzungwensis,1,u,,VU,EN,2000,2004
Aves,Zavattariornis stresemanni,1,u,,VU,EN,1994,2000
Aves,Zoothera dohertyi,1,u,,LC,NT,1994,2000
Aves,Zosterops conspicillatus,3,u,,LC,EN,2000,2004
Aves,Zosterops natalis,2,d,y,CR,VU,2000,2004
Aves,Zosterops natalis,2,u,,VU,CR,1994,2000
Mammalia,Abrothrix sanborni,1,u,,LC,NT,1996,2008
Mammalia,Acerodon leucotis,1,u,,NT,VU,1996,2008
Mammalia,Addax nasomaculatus,1,u,,EN,CR,1996,2008
Mammalia,Allactaga vinogradovi,1,u,,LC,NT,1996,2008
Mammalia,Amorphochilus schnablii,1,u,,VU,EN,1996,2008
Mammalia,Anoura cultrata,1,u,,LC,NT,1996,2008
Mammalia,Aonyx cinerea,1,u,,NT,VU,1996,2008
Mammalia,Arborimus longicaudus,1,u,,LC,NT,1996,2008
Mammalia,Arctictis binturong,1,u,,NT,VU,1996,2008
Mammalia,Arctocephalus galapagoensis,1,u,,VU,EN,1996,2008
Mammalia,Arctonyx collaris,1,u,,LC,NT,1996,2008
Mammalia,Arvicola sapidus,1,u,,NT,VU,1996,2008
Mammalia,Axis kuhlii,1,u,,EN,CR,1996,2008
Mammalia,Balaenoptera musculus,1,d,y,CR,EN,1996,2008
Mammalia,Balantiopteryx io,1,u,,NT,VU,1996,2008
Mammalia,Bettongia gaimardi,1,u,,LC,NT,1996,2008
Mammalia,Bettongia lesueur,2,d,y,EN,NT,1996,2008
Mammalia,Bettongia penicillata,3,u,,NT,CR,1996,2008
Mammalia,Bison bonasus,1,d,y,EN,VU,1996,2008
Mammalia,Bubalus mindorensis,1,u,,EN,CR,1996,2008
Mammalia,Burramys parvus,1,u,,EN,CR,1996,2008
Mammalia,Caenolestes caniventer,1,u,,LC,NT,1996,2008
Mammalia,Camelus ferus,1,u,,EN,CR,1996,2008
Mammalia,Capra aegagrus,1,u,,NT,VU,1996,2008
Mammalia,Capra caucasica,1,u,,VU,EN,1996,2008
Mammalia,Capra pyrenaica,1,d,y,NT,LC,1996,2008
Mammalia,Capra walie,1,d,y,CR,EN,1996,2008
Mammalia,Caracal aurata,1,u,,LC,NT,1996,2008
Mammalia,Cephalophus adersi,1,u,,EN,CR,1996,2008
Mammalia,Cephalophus spadix,1,u,,VU,EN,1996,2008
Mammalia,Chalinolobus tuberculatus,1,u,,NT,VU,1996,2008
Mammalia,Chinchilla lanigera,1,u,,EN,CR,1996,2008
Mammalia,Coelops robinsoni,1,u,,NT,VU,1996,2008
Mammalia,Crocidura buettikoferi,1,u,,LC,NT,1996,2008
Mammalia,Crocidura nicobarica,1,u,,EN,CR,1996,2008
Mammalia,Dasyurus geoffroii,1,d,y,VU,NT,1996,2008
Mammalia,Dasyurus hallucatus,2,u,,NT,EN,1996,2008
Mammalia,Dasyurus viverrinus,1,u,,LC,NT,1996,2008
Mammalia,Dendrolagus inustus,1,u,,NT,VU,1996,2008
Mammalia,Dendrolagus lumholtzi,1,d,y,NT,LC,1996,2008
Mammalia,Dendrolagus scottae,1,u,,EN,CR,1996,2008
Mammalia,Dendrolagus stellarum,1,u,,NT,VU,1996,2008
Mammalia,Dendromus kahuziensis,2,u,,VU,CR,1996,2008
Mammalia,Dinomys branickii,1,u,,NT,VU,1996,2008
Mammalia,Dipodomys nitratoides,1,u,,NT,VU,1996,2008
Mammalia,Dorcopsis luctuosa,1,u,,NT,VU,1996,2008
Mammalia,Eidolon helvum,1,u,,LC,NT,1996,2008
Mammalia,Enhydra lutris,2,u,,NT,EN,1996,2008
Mammalia,Equus ferus,1,d,y,EW,CR,1996,2008
Mammalia,Equus hemionus,2,u,,NT,EN,1996,2008
Mammalia,Falsistrellus mackenziei,1,u,,LC,NT,1996,2008
Mammalia,Felis margarita,1,u,,LC,NT,1996,2008
Mammalia,Gazella dorcas,1,u,,NT,VU,1996,2008
Mammalia,Gazella spekei,1,u,,VU,EN,1996,2008
Mammalia,Gazella subgutturosa,1,u,,NT,VU,1996,2008
Mammalia,Gerbillus hesperinus,1,u,,VU,EN,1996,2008
Mammalia,Gorilla gorilla,1,u,,EN,CR,1996,2008
Mammalia,Harpyionycteris celebensis,1,u,,NT,VU,1996,2008
Mammalia,Hemigalus derbyanus,1,u,,NT,VU,1996,2008
Mammalia,Hesperoptenus tomesi,2,u,,LC,VU,1996,2008
Mammalia,Hipposideros doriae,1,u,,LC,NT,1996,2008
Mammalia,Hydropotes inermis,1,u,,NT,VU,1996,2008
Mammalia,Hylobates agilis,1,u,,VU,EN,1996,2008
Mammalia,Hylobates albibarbis,1,u,,VU,EN,1996,2008
Mammalia,Hylobates klossii,1,u,,VU,EN,1996,2008
Mammalia,Hylobates lar,1,u,,VU,EN,1996,2008
Mammalia,Hylobates muelleri,1,u,,VU,EN,1996,2008
Mammalia,Kerivoula pellucida,1,u,,LC,NT,1996,2008
Mammalia,Kobus megaceros,1,u,,VU,EN,1996,2008
Mammalia,Leontopithecus rosalia,1,d,y,CR,EN,1996,2008
Mammalia,Leporillus conditor,1,d,y,EN,VU,1996,2008
Mammalia,Lipotes vexillifer,1,u,,CR,CR(PE),1996,2008
Mammalia,Lonchorhina orinocensis,1,u,,NT,VU,1996,2008
Mammalia,Lontra provocax,1,u,,VU,EN,1996,2008
Mammalia,Lutra sumatrana,1,u,,VU,EN,1996,2008
Mammalia,Lutrogale perspicillata,1,u,,NT,VU,1996,2008
Mammalia,Lynx pardinus,1,u,,EN,CR,1996,2008
Mammalia,Macaca hecki,1,u,,NT,VU,1996,2008
Mammalia,Macaca nigra,1,u,,EN,CR,1996,2008
Mammalia,Macaca ochreata,1,u,,NT,VU,1996,2008
Mammalia,Macaca pagensis,1,u,,EN,CR,1996,2008
Mammalia,Macaca tonkeana,1,u,,NT,VU,1996,2008
Mammalia,Macropus irma,1,d,y,NT,LC,1996,2008
Mammalia,Manis crassicaudata,1,u,,LC,NT,1996,2008
Mammalia,Manis culionensis,1,u,,LC,NT,1996,2008
Mammalia,Manis javanica,1,u,,VU,EN,1996,2008
Mammalia,Manis pentadactyla,1,u,,VU,EN,1996,2008
Mammalia,Marmota vancouverensis,1,u,,EN,CR,1996,2008
Mammalia,Megaptera novaeangliae,2,d,y,VU,LC,1996,2008
Mammalia,Monachus schauinslandi,1,u,,EN,CR,1996,2008
Mammalia,Murina aenea,1,u,,NT,VU,1996,2008
Mammalia,Murina rozendaali,1,u,,NT,VU,1996,2008
Mammalia,Mustela altaica,1,u,,LC,NT,1996,2008
Mammalia,Mustela nigripes,2,d,,EW,EN,1996,2008
Mammalia,Myotis emarginatus,1,d,y,NT,LC,1996,2008
Mammalia,Myotis grisescens,1,d,y,VU,NT,1996,2008
Mammalia,Myrmecobius fasciatus,1,u,,VU,EN,1996,2008
Mammalia,Mysateles meridionalis,1,u,,EN,CR,1996,2008
Mammalia,Nanger dama,1,u,,EN,CR,1996,2008
Mammalia,Nasalis larvatus,1,u,,VU,EN,1996,2008
Mammalia,Neophoca cinerea,1,u,,VU,EN,1996,2008
Mammalia,Neotoma palatina,1,u,,NT,VU,1996,2008
Mammalia,Nomascus concolor,1,u,,EN,CR,1996,2008
Mammalia,Nomascus gabriellae,1,u,,VU,EN,1996,2008
Mammalia,Nomascus leucogenys,1,u,,EN,CR,1996,2008
Mammalia,Nycteris tragata,1,u,,LC,NT,1996,2008
Mammalia,Nycticebus bengalensis,1,u,,NT,VU,1996,2008
Mammalia,Nycticebus coucang,1,u,,NT,VU,1996,2008
Mammalia,Nycticebus javanicus,2,u,,NT,EN,1996,2008
Mammalia,Nycticebus menagensis,1,u,,NT,VU,1996,2008
Mammalia,Ochotona iliensis,1,u,,VU,EN,1996,2008
Mammalia,Oryx dammah,1,u,,CR,EW,1996,2008
Mammalia,Otocolobus manul,1,u,,LC,NT,1996,2008
Mammalia,Panthera pardus,1,u,,LC,NT,1996,2008
Mammalia,Pantholops hodgsonii,1,u,,VU,EN,1996,2008
Mammalia,Pappogeomys alcorni,1,u,,EN,CR,1996,2008
Mammalia,Pardofelis badia,1,u,,VU,EN,1996,2008
Mammalia,Peroryctes broadbenti,1,u,,VU,EN,1996,2008
Mammalia,Phalanger lullulae,3,u,,LC,EN,1996,2008
Mammalia,Phalanger matanim,1,u,,CR,CR(PE),1996,2008
Mammalia,Phocarctos hookeri,1,u,,NT,VU,1996,2008
Mammalia,Phoniscus atrox,1,u,,LC,NT,1996,2008
Mammalia,Pipistrellus murrayi,1,u,,EN,CR,1996,2008
Mammalia,Platyrrhinus chocoensis,1,u,,VU,EN,1996,2008
Mammalia,Presbytis melalophos,1,u,,VU,EN,1996,2008
Mammalia,Presbytis potenziani,1,u,,VU,EN,1996,2008
Mammalia,Presbytis siamensis,1,u,,LC,NT,1996,2008
Mammalia,Presbytis thomasi,1,u,,NT,VU,1996,2008
Mammalia,Prionailurus planiceps,1,u,,VU,EN,1996,2008
Mammalia,Prionailurus viverrinus,1,u,,VU,EN,1996,2008
Mammalia,Procapra picticaudata,1,u,,LC,NT,1996,2008
Mammalia,Procyon pygmaeus,1,u,,EN,CR,1996,2008
Mammalia,Pseudantechinus bilarni,1,u,,LC,NT,1996,2008
Mammalia,Pseudochirops coronatus,1,u,,NT,VU,1996,2008
Mammalia,Pseudochirulus cinereus,1,d,y,NT,LC,1996,2008
Mammalia,Pseudochirulus herbertensis,1,d,y,NT,LC,1996,2008
Mammalia,Pseudomys fieldi,2,d,y,CR,VU,1996,2008
Mammalia,Pseudomys fumeus,1,u,,VU,EN,1996,2008
Mammalia,Pseudomys novaehollandiae,1,u,,NT,VU,1996,2008
Mammalia,Pseudoryx nghetinhensis,1,u,,EN,CR,1996,2008
Mammalia,Pteropus capistratus,1,u,,LC,NT,1996,2008
Mammalia,Pteropus lylei,1,u,,NT,VU,1996,2008
Mammalia,Pteropus melanopogon,1,u,,VU,EN,1996,2008
Mammalia,Pteropus melanotus,1,u,,NT,VU,1996,2008
Mammalia,Pteropus samoensis,1,d,y,VU,NT,1996,2008
Mammalia,Pteropus vampyrus,1,u,,LC,NT,1996,2008
Mammalia,Pteropus voeltzkowi,2,d,y,CR,VU,1996,2008
Mammalia,Pteropus woodfordi,1,u,,NT,VU,1996,2008
Mammalia,Pygathrix cinerea,1,u,,EN,CR,1996,2008
Mammalia,Ratufa bicolor,1,u,,LC,NT,1996,2008
Mammalia,Reithrodontomys spectabilis,1,u,,EN,CR,1996,2008
Mammalia,Rhinoceros unicornis,1,d,y,EN,VU,1996,2008
Mammalia,Rhinolophus sedulus,1,u,,LC,NT,1996,2008
Mammalia,Rhogeessa minutilla,1,u,,NT,VU,1996,2008
Mammalia,Rousettus bidens,1,u,,NT,VU,1996,2008
Mammalia,Rusa timorensis,1,u,,NT,VU,1996,2008
Mammalia,Saguinus leucopus,1,u,,VU,EN,1996,2008
Mammalia,Saiga tatarica,2,u,,VU,CR,1996,2008
Mammalia,Saimiri ustus,1,u,,LC,NT,1996,2008
Mammalia,Sarcophilus harrisii,3,u,,LC,EN,1996,2008
Mammalia,Semnopithecus hypoleucos,1,u,,NT,VU,1996,2008
Mammalia,Simias concolor,1,u,,EN,CR,1996,2008
Mammalia,Sminthopsis aitkeni,1,u,,EN,CR,1996,2008
Mammalia,Solomys ponceleti,1,u,,EN,CR,1996,2008
Mammalia,Solomys salebrosus,1,u,,VU,EN,1996,2008
Mammalia,Solomys sapientis,1,u,,VU,EN,1996,2008
Mammalia,Spermophilus suslicus,1,d,y,VU,NT,1996,2008
Mammalia,Spermophilus washingtoni,1,d,y,VU,NT,1996,2008
Mammalia,Spilocuscus kraemeri,1,u,,LC,NT,1996,2008
Mammalia,Spilocuscus rufoniger,1,u,,EN,CR,1996,2008
Mammalia,Spilocuscus wilsoni,1,u,,EN,CR,1996,2008
Mammalia,Spilogale pygmaea,1,u,,NT,VU,1996,2008
Mammalia,Sus barbatus,1,u,,NT,VU,1996,2008
Mammalia,Sus celebensis,1,u,,LC,NT,1996,2008
Mammalia,Symphalangus syndactylus,1,u,,VU,EN,1996,2008
Mammalia,Tadarida johorensis,1,u,,NT,VU,1996,2008
Mammalia,Tadarida mops,1,u,,LC,NT,1996,2008
Mammalia,Tapirus indicus,1,u,,VU,EN,1996,2008
Mammalia,Tapirus terrestris,1,u,,NT,VU,1996,2008
Mammalia,Tarsius bancanus,1,u,,NT,VU,1996,2008
Mammalia,Tayassu pecari,1,u,,LC,NT,1996,2008
Mammalia,Tokudaia muenninki,1,u,,EN,CR,1996,2008
Mammalia,Trachypithecus cristatus,1,u,,LC,NT,1996,2008
Mammalia,Trachypithecus obscurus,1,u,,LC,NT,1996,2008
Mammalia,Tragulus nigricans,1,u,,VU,EN,1996,2008
Mammalia,Uromys neobritannicus,1,u,,LC,NT,1996,2008
Mammalia,Uromys rex,1,u,,VU,EN,1996,2008
Mammalia,Ursus maritimus,2,u,,LC,VU,1996,2008
Mammalia,Vicugna vicugna,1,d,y,NT,LC,1996,2008
Mammalia,Viverra megaspila,1,u,,NT,VU,1996,2008
Mammalia,Viverra zibetha,1,u,,LC,NT,1996,2008
Mammalia,Vormela peregusna,1,u,,NT,VU,1996,2008
Mammalia,Zalophus wollebaeki,1,u,,VU,EN,1996,2008
Mammalia,Zyzomys maini,1,u,,LC,NT,1996,2008
Mammalia,Zyzomys pedunculatus,1,u,,CR,CR(PE),1996,2008
,,,,,,,,
,,,,,,,,
,,,,,,,,
,,,,,,,,
,,,,,,,,
,,,,,,,,
,,,,,,,,
,,,,,,,,
,,,,,,,,
,,,,,,,,
,,,,,,,,
,,,,,,,,
,,,,,,,,
,,,,,,,,
,,,,,,,,
,,,,,,,,
,,,,,,,,
,,,,,,,,
,,,,,,,,
,,,,,,,,
,,,,,,,,
,,,,,,,,
,,,,,,,,
,,,,,,,,
,,,,,,,,
,,,,,,,,
,,,,,,,,
,,,,,,,,
,,,,,,,,
,,,,,,,,
,,,,,,,,
,,,,,,,,
,,,,,,,,
,,,,,,,,
,,,,,,,,
,,,,,,,,
,,,,,,,,
,,,,,,,,
,,,,,,,,
,,,,,,,,
,,,,,,,,
,,,,,,,,
,,,,,,,,
,,,,,,,,
,,,,,,,,
,,,,,,,,
,,,,,,,,
,,,,,,,,
,,,,,,,,
,,,,,,,,
,,,,,,,,
,,,,,,,,
,,,,,,,,
,,,,,,,,
,,,,,,,,
,,,,,,,,
,,,,,,,,
,,,,,,,,
,,,,,,,,
,,,,,,,,
,,,,,,,,
,,,,,,,,
,,,,,,,,
,,,,,,,,
,,,,,,,,
,,,,,,,,
,,,,,,,,
,,,,,,,,
,,,,,,,,
,,,,,,,,
,,,,,,,,
,,,,,,,,
,,,,,,,,
,,,,,,,,
,,,,,,,,
,,,,,,,,
,,,,,,,,
,,,,,,,,
,,,,,,,,
,,,,,,,,
,,,,,,,,
,,,,,,,,
,,,,,,,,
,,,,,,,,
,,,,,,,,
,,,,,,,,
,,,,,,,,
,,,,,,,,
,,,,,,,,
,,,,,,,,
,,,,,,,,
,,,,,,,,
,,,,,,,,
,,,,,,,,
,,,,,,,,
,,,,,,,,
,,,,,,,,
,,,,,,,,
,,,,,,,,
,,,,,,,,
,,,,,,,,
,,,,,,,,
,,,,,,,,
,,,,,,,,
,,,,,,,,
,,,,,,,,
,,,,,,,,
,,,,,,,,
,,,,,,,,
,,,,,,,,
,,,,,,,,
,,,,,,,,
,,,,,,,,
,,,,,,,,
,,,,,,,,
,,,,,,,,
,,,,,,,,
,,,,,,,,
,,,,,,,,
,,,,,,,,
,,,,,,,,
,,,,,,,,
,,,,,,,,
,,,,,,,,
,,,,,,,,
,,,,,,,,
,,,,,,,,
,,,,,,,,
,,,,,,,,
,,,,,,,,
,,,,,,,,
,,,,,,,,
,,,,,,,,
,,,,,,,,
,,,,,,,,
,,,,,,,,
,,,,,,,,
,,,,,,,,
,,,,,,,,
,,,,,,,,
,,,,,,,,
,,,,,,,,
,,,,,,,,
,,,,,,,,
,,,,,,,,
,,,,,,,,
,,,,,,,,
,,,,,,,,
,,,,,,,,
,,,,,,,,
,,,,,,,,
,,,,,,,,
,,,,,,,,
,,,,,,,,
,,,,,,,,
,,,,,,,,
,,,,,,,,
,,,,,,,,
,,,,,4,,,
,,,,,,,,
,,,,,,,,
,,,,,,,,
,,,,,,,,
,,,,,,,,
,,,,,,,,
,,,,,,,,
,,,,,,,,
,,,,,,,,
,,,,,,,,
,,,,,,,,
,,,,,,,,
,,,,,,,,
,,,,,,,,
,,,,,,,,
,,,,,,,,
,,,,,,,,
,,,,,,,,
,,,,,,,,
,,,,,,,,
,,,,,,,,
,,,,,,,,
,,,,,,,,
,,,,,,,,
,,,,,,,,
,,,,,,,,
,,,,,,,,
,,,,,,,,
,,,,,,,,
,,,,,,,,
,,,,,,,,
,,,,,,,,
,,,,,,,,
,,,,,,,,
,,,,,,,,
,,,,,,,,
,,,,,,,,
,,,,,,,,
,,,,,,,,
,,,,,,,,
,,,,,,,,
,,,,,,,,
,,,,,,,,
,,,,,,,,
,,,,,,,,
,,,,,,,,
,,,,,,,,
,,,,,,,,
,,,,,,,,
,,,,,,,,
,,,,,,,,
,,,,,,,,
,,,,,,,,
,,,,,,,,
,,,,,,,,
,,,,,,,,
,,,,,,,,
,,,,,,,,
,,,,,,,,
,,,,,,,,
,,,,,,,,
,,,,,,,,
,,,,,,,,
,,,,,,,,
,,,,,,,,
,,,,,,,,
,,,,,,,,
,,,,,,,,
,,,,,,,,
,,,,,,,,
,,,,,,,,
,,,,,,,,
,,,,,,,,
,,,,,,,,
,,,,,,,,
,,,,,,,,
,,,,,,,,
,,,,,,,,
,,,,,,,,
,,,,,,,,
,,,,,,,,
,,,,,,,,
,,,,,,,,
,,,,,,,,
,,,,,,,,
,,,,,,,,
,,,,,,,,
,,,,,,,,
,,,,,,,,
,,,,,,,,
,,,,,,,,
,,,,,,,,
,,,,,,,,
,,,,,,,,
,,,,,,,,
,,,,,,,,
,,,,,,,,
,,,,,,,,
,,,,,,,,
,,,,,,,,
,,,,,,,,
,,,,,,,,
,,,,,,,,
,,,,,,,,
,,,,,,,,
,,,,,,,,
,,,,,,,,
,,,,,,,,
,,,,,,,,
,,,,,,,,
,,,,,,,,
,,,,,,,,
,,,,,,,,
,,,,,,,,
,,,,,,,,
,,,,,,,,
,,,,,,,,
,,,,,,,,
,,,,,,,,
,,,,,,,,
,,,,,,,,
,,,,,,,,
,,,,,,,,
,,,,,,,,
,,,,,,,,
,,,,,,,,
,,,,,,,,
,,,,,,,,
,,,,,,,,
,,,,,,,,
,,,,,,,,
,,,,,,,,
,,,,,,,,
,,,,,,,,
,,,,,,,,
,,,,,,,,
,,,,,,,,
,,,,,,,,
,,,,,,,,
,,,,,,,,
,,,,,,,,
,,,,,,,,
,,,,,,,,
,,,,,,,,
,,,,,,,,
,,,,,,,,
,,,,,,,,
,,,,,,,,
,,,,,,,,
,,,,,,,,
,,,,,,,,
,,,,,,,,
,,,,,,,,
,,,,,,,,
,,,,,,,,
,,,,,,,,
,,,,,,,,
,,,,,,,,
,,,,,,,,
,,,,,,,,
,,,,,,,,
,,,,,,,,
,,,,,,,,
,,,,,,,,
,,,,,,,,
,,,,,,,,
,,,,,,,,
,,,,,,,,
,,,,,,,,
,,,,,,,,
,,,,,,,,
,,,,,,,,
,,,,,,,,
,,,,,,,,
,,,,,,,,
,,,,,,,,
,,,,,,,,
,,,,,,,,
,,,,,,,,
,,,,,,,,
,,,,,,,,
,,,,,,,,
,,,,,,,,
,,,,,,,,
,,,,,,,,
,,,,,,,,
,,,,,,,,
,,,,,,,,
,,,,,,,,
,,,,,,,,
,,,,,,,,
,,,,,,,,
,,,,,,,,
,,,,,,,,
,,,,,,,,
,,,,,,,,
,,,,,,,,
,,,,,,,,
,,,,,,,,
,,,,,,,,
,,,,,,,,
,,,,,,,,
,,,,,,,,
,,,,,,,,
,,,,,,,,
,,,,,,,,
,,,,,,,,
,,,,,,,,
,,,,,,,,
,,,,,,,,
,,,,,,,,
,,,,,,,,
,,,,,,,,
,,,,,,,,
,,,,,,,,
,,,,,,,,
,,,,,,,,
,,,,,,,,
,,,,,,,,
,,,,,,,,
,,,,,,,,
,,,,,,,,
,,,,,,,,
,,,,,,,,
,,,,,,,,
,,,,,,,,
,,,,,,,,
,,,,,,,,
,,,,,,,,
,,,,,,,,
,,,,,,,,
,,,,,,,,
,,,,,,,,
,,,,,,,,
,,,,,,,,
,,,,,,,,
,,,,,,,,
,,,,,,,,
,,,,,,,,
,,,,,,,,
,,,,,,,,
,,,,,,,,
,,,,,,,,
,,,,,,,,
,,,,,,,,
,,,,,,,,
,,,,,,,,
,,,,,,,,
,,,,,,,,
,,,,,,,,
,,,,,,,,
,,,,,,,,
,,,,,,,,
,,,,,,,,
,,,,,,,,
,,,,,,,,
,,,,,,,,
,,,,,,,,
,,,,,,,,
,,,,,,,,
,,,,,,,,
,,,,,,,,
,,,,,,,,
,,,,,,,,
,,,,,,,,
,,,,,,,,
,,,,,,,,
,,,,,,,,
,,,,,,,,
,,,,,,,,
,,,,,,,,
,,,,,,,,
,,,,,,,,
,,,,,,,,
,,,,,,,,
,,,,,,,,
,,,,,,,,
,,,,,,,,
,,,,,,,,
,,,,,,,,
,,,,,,,,
,,,,,,,,
,,,,,,,,
,,,,,,,,
,,,,,,,,
,,,,,,,,
,,,,,,,,
,,,,,,,,
,,,,,,,,
,,,,,,,,
,,,,,,,,
,,,,,,,,
,,,,,,,,
,,,,,,,,
,,,,,,,,
,,,,,,,,
,,,,,,,,
,,,,,,,,
,,,,,,,,
,,,,,,,,
,,,,,,,,
,,,,,,,,
,,,,,,,,
,,,,,,,,
,,,,,,,,
,,,u,,,,,
,,,,,,,,
,,,,,,,,
,,,,,,,,
,,,,,,,,
,,,,,,,,
,,,,,,,,
,,,,,,,,
,,,,,,,,
,,,,,,,,
,,,,,,,,
,,,,,,,,
,,,,,,,,
,,,,,,,,
,,,,,,,,
,,,,,,,,
,,,,,,,,
,,,,,,,,
,Apteryx owenii,,d,y,VU,NT,,
,,,,,,,,
,,,,,,,,
,,,,,,,,
,,,,,,,,
,,,,,,,,
,,,,,,,,
,,,,,,,,
,,,,,,,,
,,,,,,,,
,,,,,,,,
,,,,,,,,
,,,,,,,,
,,,,,,,,
,,,,,,,,
,,,,,,,,
,,,,,,,,
,,,,,,,,
,,,,,,,,
,,,,,,,,
,,,,,,,,
,,,,,,,,
,,,,,,,,
,,,,,,,,
,,,,,,,,
,,,,,,,,
,,,,,,,,
,Chaetura pelagica,,u,,LC,NT,,
,,,,,,,,
,,,,,,,,
,,,,,,,,
,,,,,,,,
,,,,,,,,
,,,,,,,,
,,,,,,,,
,,,,,,,,
,,,,,,,,
,,,,,,,,
,,,,,,,,
,,,,,,,,
,,,,,,,,
,,,,,,,,
,,,,,,,,
,,,,,,,,
,,,,,,,,
,,,,,,,,
,,,,,,,,
,,,,,,,,
,,,,,,,,
,,,,,,,,
,,,,,,,,
,,,,,,,,
,,,,,,,,
,,,,,,,,
,,,,,,,,
,,,,,,,,
,,,u,,,EN,,
,,,,,,,,
,,,,,,,,
,,,,,,,,
,,,,,,,,
,,,,,,,,
,,,,,,,,
,,,,,,,,
,,,,,,,,
,,,,,,,,
,,,,,,,,
,,,,,,,,
,,,,,,,,
,,,,,,,,
,,,,,,,,
,,,,,,,,
,,,,,,,,
,,,,,,,,
,,,,,,,,
,,,,,,,,
,,,u,,,,,
,,,,,,,,
,,,,,,,,
,,,,,,,,
,,,,,,,,
,,,,,,,,
,,,,,,,,
,,,,,,,,
,,,,,,,,
,,,,,,,,
,,,,,,,,
,,,,,,,,
,,,,,,,,
,,,u,,,,,
,,,,,,,,
,,,,,,,,
,,,,,,,,
,,,,,,,,
,,,,,,,,
,,,,,,,,
,,,,,,,,
,,,,,,,,
,,,,,,,,
,,,,,,,,
,,,u,,,,,
,,,,,,,,
,,,,,,,,
,,,,,,,,
,,,,,,,,
,,,,,,,,
,,,,,,,,
,,,,,,,,
,,,,,,,,
,,,,,,,,
,,,,,,,,
,,,,,,,,
,,,,,,,,
,,,,,,,,
,,,d,,,,,
,,,,,,,,
,,,,,,,,
,,,,,,,,
,,,,,,,,
,,,,,,,,
,,,,,,,,
,,,,,,,,
,,,,,,,,
,,,,,,,,
,,,,,,,,
,,,,,,,,
,,,,,,,,
,,,,,,,,
,,,,,,,,
,,,,,,,,
,,,,,,,,
,,,,,,,,
,,,,,,,,
,,,,,,,,
,,,,,,,,
,,,d,,CR,EN,,
,,,,,,,,
,,,,,,,,
,,,,,,,,
,,,,,,,,
,,,,,,,,
,,,,,,,,
,,,,,,,,
,,,,,,,,
,,,,,,,,
,,,,,,,,
,,,,,,,,
,,,,,,,,
,,,,,,,,
,,,,,,,,
,,,,,,,,
,,,,,,,,
,,,,,,,,
,,,,,,,,
,,,,,,,,
,,,,,,,,
,,,,,,,,
,,,,,,,,
,,,,,,,,
,,,,,,,,
,,,,,,,,
,,,,,,,,
,,,,,,,,
,,,,,,,,
,,,,,,,,
,,,,,,,,
,,,,,,,,
,,,,,,,,
,,,,,,,,
,,,,,,,,
,,,u,,,,,
,,,u,,,,,
,,,,,,,,
,,,,,,,,
,,,,,,,,
,,,,,,,,
,,,,,,,,
,,,,,,,,
,,,,,,,,
,,,,,,,,
,,,,,,,,
,,,,,,,,
,,,,,,,,
,,,,,,,,
,,,d,,,,,
,,,,,,,,
,,,,,,,,
,,,d,,,,,
,,,,,,,,
,,,,,,,,
,,,,,,,,
,,,,,,,,
,,,,,,,,
,,,,,,,,
,,,,,,,,
,,,,,,,,
,,,,,,,,
,,,,,,,,
,,,,,,,,
,,,,,,,,
,,,,,,,,
,,,,,,,,
,,,,,,,,
,,,,,,,,
,,,,,,,,
,,,,,,,,
,,,,,,,,
,,,,,,,,
,,,,,,,,
,,,,,,,,
,,,,,,,,
,,,,,,,,
,Sitta whiteheadi,,u,,LC,VU,,
,Spheniscus demersus,,u,,VU,EN,,
,,,,,,,,
,,,,,,,,
,,,,,,,,
,,,,,,,,
,,,,,,,,
,,,,,,,,
,,,,,,,,
,,,,,,,,
,Sturnus melanopterus,,u,,EN,CR,,
,,,,,,,,
,,,u,,,,,
,,,,,,,,
,,,,,,,,
,,,,,,,,
,,,,,,,,
,,,,,,,,
,,,,,,,,
,,,,,,,,
,,,u,,,,,
,,,,,,,,
,,,,,,,,
,,,,,,,,
,,,,,,,,
,,,,,,,,
,,,,,,,,
,,,,,,,,
,,,,,,,,
,,,,,,,,
,,,,,,,,
,,,,,,,,
,,,,,,,,
,,,,,,,,
,,,,,,,,
,,,,,,,,
,,,,,,,,
,,,,,,,,
,,,,,,,,
,,,,,,,,
,,,,,,,,
,,,,,,,,
,,,,,,,,
,,,,,,,,
,,,,,,,,
,,,,,,,,
,,,,,,,,
,,,,,,,,
,,,,,,,,
,,,,,,,,
,,,,,,,,
,,,,,,,,
,,,,,,,,
,,,,,,,,
,,,,,,,,
,,,,,,,,
,,,,,,,,
,,,,,,,,
,,,,,,,,
,,,,,,,,
,,,,,,,,
,,,,,,,,
,,,,,,,,
,,,,,,,,
,,,,,,,,
,,,,,,,,
,,,,,,,,
,,,,,,,,
,,,,,,,,
,,,,,,,,
,,,,,,,,
,,,,,,,,
,,,,,,,,
,,,,,,,,
,,,,,,,,
,,,,,,,,
,,,,,,,,
,,,,,,,,
,,,,,,,,
,,,,,,,,
,,,,,,,,
,,,,,,,,
,,,,,,,,
,,,,,,,,
,,,,,,,,
,,,,,,,,
,,,,,,,,
,,,,,,,,
,,,,,,,,
,,,,,,,,
,,,,,,,,
,,,,,,,,
,,,,,,,,
,,,,,,,,
,,,,,,,,
,,,,,,,,
,,,,,,,,
,,,,,,,,
,,,,,,,,
,,,,,,,,
,,,,,,,,
,,,,,,,,
,,,,,,,,
,,,,,,,,
,,,,,,,,
,,,,,,,,
,,,,,,,,
,,,,,,,,
,,,,,,,,
,,,,,,,,
,,,,,,,,
,,,,,,,,
,,,,,,,,
,,,,,,,,
,,,,,,,,
,,,,,,,,
,,,,,,,,
,,,,,,,,
,,,,,,,,
,,,,,,,,
,,,,,,,,
,,,,,,,,
,,,,,,,,
,,,,,,,,
,,,,,,,,
,,,,,,,,
,,,,,,,,
,,,,,,,,
,,,,,,,,
,,,,,,,,
,,,,,,,,
,,,,,,,,
,,,,y,,,,